{"member_g01":{"slug":"member_g01","name":"Get.Income","categories":["business","membership","course"],"pro":true,"member":false,"url":"https:\/\/startertemplatecloud.com\/member-g01\/","image":"https:\/\/api.startertemplatecloud.com\/wp-content\/uploads\/2021\/01\/member-preview.jpg","content_width":"normal","type":"blocks","ecommerce":false,"homepage":"Homepage","blogpage":"","plugins":["kadence-blocks","kadence-blocks-pro","kadence-pro"],"keywords":["membership\r\nlms\r\ncourse"],"pages":{"home":{"id":"home","title":"Home","url":"https:\/\/startertemplatecloud.com\/member-g01\/","image":"https:\/\/api.startertemplatecloud.com\/wp-content\/uploads\/2021\/01\/get-income-starter-home.jpg","thumbnail":"https:\/\/api.startertemplatecloud.com\/wp-content\/uploads\/2021\/01\/get-income-starter-home-800x3635.jpg","crop_thumbnail":"https:\/\/api.startertemplatecloud.com\/wp-content\/uploads\/2021\/01\/get-income-starter-home-800x1008.jpg","content":"https:\/\/api.startertemplatecloud.com\/wp-content\/uploads\/2021\/02\/getincome-blocks-home.xml","meta":"inherit"},"podcast":{"id":"podcast","title":"Podcast","url":"https:\/\/startertemplatecloud.com\/member-g01\/podcasts-page\/","image":"https:\/\/api.startertemplatecloud.com\/wp-content\/uploads\/2021\/01\/get-income-podcast-image.jpg","thumbnail":"https:\/\/api.startertemplatecloud.com\/wp-content\/uploads\/2021\/01\/get-income-podcast-image-800x1633.jpg","crop_thumbnail":"https:\/\/api.startertemplatecloud.com\/wp-content\/uploads\/2021\/01\/get-income-podcast-image-800x1008.jpg","content":"https:\/\/api.startertemplatecloud.com\/wp-content\/uploads\/2021\/02\/getincome-blocks-podcast.xml","meta":"inherit"},"book":{"id":"book","title":"Book","url":"https:\/\/startertemplatecloud.com\/member-g01\/book-page\/","image":"https:\/\/api.startertemplatecloud.com\/wp-content\/uploads\/2021\/01\/get-income-book-image.jpg","thumbnail":"https:\/\/api.startertemplatecloud.com\/wp-content\/uploads\/2021\/01\/get-income-book-image-800x1451.jpg","crop_thumbnail":"https:\/\/api.startertemplatecloud.com\/wp-content\/uploads\/2021\/01\/get-income-book-image-800x1008.jpg","content":"https:\/\/api.startertemplatecloud.com\/wp-content\/uploads\/2021\/02\/getincome-blocks-book.xml","meta":"inherit"},"about":{"id":"about","title":"About","url":"https:\/\/startertemplatecloud.com\/member-g01\/about-page\/","image":"https:\/\/api.startertemplatecloud.com\/wp-content\/uploads\/2021\/01\/get-income-about-image.jpg","thumbnail":"https:\/\/api.startertemplatecloud.com\/wp-content\/uploads\/2021\/01\/get-income-about-image-800x2085.jpg","crop_thumbnail":"https:\/\/api.startertemplatecloud.com\/wp-content\/uploads\/2021\/01\/get-income-about-image-800x1008.jpg","content":"https:\/\/api.startertemplatecloud.com\/wp-content\/uploads\/2021\/02\/getincome-blocks-update-g-about.xml","meta":"inherit"},"contact":{"id":"contact","title":"Contact","url":"https:\/\/startertemplatecloud.com\/member-g01\/contact-page\/","image":"https:\/\/api.startertemplatecloud.com\/wp-content\/uploads\/2021\/01\/get-income-contact-image.jpg","thumbnail":"https:\/\/api.startertemplatecloud.com\/wp-content\/uploads\/2021\/01\/get-income-contact-image-800x1334.jpg","crop_thumbnail":"https:\/\/api.startertemplatecloud.com\/wp-content\/uploads\/2021\/01\/get-income-contact-image-800x1008.jpg","content":"https:\/\/api.startertemplatecloud.com\/wp-content\/uploads\/2021\/02\/getincome-blocks-contact.xml","meta":"inherit"},"courses":{"id":"courses","title":"Courses","url":"https:\/\/startertemplatecloud.com\/member-g01\/courses\/","image":"https:\/\/api.startertemplatecloud.com\/wp-content\/uploads\/2021\/01\/get-income-courses-image.jpg","thumbnail":"https:\/\/api.startertemplatecloud.com\/wp-content\/uploads\/2021\/01\/get-income-courses-image-800x2223.jpg","crop_thumbnail":"https:\/\/api.startertemplatecloud.com\/wp-content\/uploads\/2021\/01\/get-income-courses-image-800x1008.jpg","content":"https:\/\/api.startertemplatecloud.com\/wp-content\/uploads\/2021\/02\/getincome-blocks-update-g-course.xml","meta":"inherit"},"resources":{"id":"resources","title":"Resources","url":"https:\/\/startertemplatecloud.com\/member-g01\/resources\/","image":"https:\/\/api.startertemplatecloud.com\/wp-content\/uploads\/2021\/01\/get-income-resouces-image.jpg","thumbnail":"https:\/\/api.startertemplatecloud.com\/wp-content\/uploads\/2021\/01\/get-income-resouces-image-800x1667.jpg","crop_thumbnail":"https:\/\/api.startertemplatecloud.com\/wp-content\/uploads\/2021\/01\/get-income-resouces-image-800x1008.jpg","content":"https:\/\/api.startertemplatecloud.com\/wp-content\/uploads\/2021\/02\/getincome-blocks-resources.xml","meta":"inherit"},"roadmap":{"id":"roadmap","title":"Roadmap","url":"https:\/\/startertemplatecloud.com\/member-g01\/roadmap\/","image":"https:\/\/api.startertemplatecloud.com\/wp-content\/uploads\/2021\/01\/get-income-roadmap-image.jpg","thumbnail":"https:\/\/api.startertemplatecloud.com\/wp-content\/uploads\/2021\/01\/get-income-roadmap-image-800x1459.jpg","crop_thumbnail":"https:\/\/api.startertemplatecloud.com\/wp-content\/uploads\/2021\/01\/get-income-roadmap-image-800x1008.jpg","content":"https:\/\/api.startertemplatecloud.com\/wp-content\/uploads\/2021\/02\/getincome-blocks-roadmap.xml","meta":"inherit"},"dashboard":{"id":"dashboard","title":"Dashboard","url":"https:\/\/startertemplatecloud.com\/member-g01\/dashboard\/","image":"https:\/\/api.startertemplatecloud.com\/wp-content\/uploads\/2021\/01\/get-income-dashboard-image.jpg","thumbnail":"https:\/\/api.startertemplatecloud.com\/wp-content\/uploads\/2021\/01\/get-income-dashboard-image-800x1620.jpg","crop_thumbnail":"https:\/\/api.startertemplatecloud.com\/wp-content\/uploads\/2021\/01\/get-income-dashboard-image-800x1008.jpg","content":"https:\/\/api.startertemplatecloud.com\/wp-content\/uploads\/2021\/02\/getincome-blocks-dash.xml","meta":"inherit"},"sale":{"id":"sale","title":"Sale","url":"https:\/\/startertemplatecloud.com\/member-g01\/sale-page\/","image":"https:\/\/api.startertemplatecloud.com\/wp-content\/uploads\/2021\/01\/get-income-sale-image.jpg","thumbnail":"https:\/\/api.startertemplatecloud.com\/wp-content\/uploads\/2021\/01\/get-income-sale-image-800x3420.jpg","crop_thumbnail":"https:\/\/api.startertemplatecloud.com\/wp-content\/uploads\/2021\/01\/get-income-sale-image-800x1008.jpg","content":"https:\/\/api.startertemplatecloud.com\/wp-content\/uploads\/2021\/02\/getincome-blocks-sale.xml","meta":"inherit"}},"menus":{"primary":{"menu":"primary","title":"Left menu"},"secondary":{"menu":"secondary","title":"Right menu"},"mobile":{"menu":"mobile","title":"Menu"}}},"g07":{"slug":"g07","name":"Freelance","categories":["business"],"pro":false,"member":false,"content":"https:\/\/api.startertemplatecloud.com\/wp-content\/uploads\/2021\/01\/freelance-blks-content.xml","widget_data":"https:\/\/api.startertemplatecloud.com\/wp-content\/uploads\/2021\/01\/freelance-widgets.json","form_data":false,"theme_options":"https:\/\/api.startertemplatecloud.com\/wp-content\/uploads\/2021\/01\/freelance-theme-options.json","url":"https:\/\/startertemplatecloud.com\/g07\/","image":"https:\/\/api.startertemplatecloud.com\/wp-content\/uploads\/2021\/01\/e07_preview-image.jpg","content_width":"normal","type":"blocks","ecommerce":false,"homepage":"Home","blogpage":"News","plugins":["kadence-blocks"],"keywords":["freelance\r\nelementor\r\nbusiness"],"pages":{"home":{"id":"home","title":"Home","url":"https:\/\/startertemplatecloud.com\/e07\/","image":"https:\/\/api.startertemplatecloud.com\/wp-content\/uploads\/2021\/01\/freelance-home.jpg","thumbnail":"https:\/\/api.startertemplatecloud.com\/wp-content\/uploads\/2021\/01\/freelance-home-800x3557.jpg","crop_thumbnail":"https:\/\/api.startertemplatecloud.com\/wp-content\/uploads\/2021\/01\/freelance-home-800x1008.jpg","content":"https:\/\/api.startertemplatecloud.com\/wp-content\/uploads\/2021\/01\/freelance-blks-home.xml","meta":"inherit"},"features":{"id":"features","title":"Features","url":"https:\/\/startertemplatecloud.com\/e07\/features\/","image":"https:\/\/api.startertemplatecloud.com\/wp-content\/uploads\/2021\/01\/freelance-features.jpg","thumbnail":"https:\/\/api.startertemplatecloud.com\/wp-content\/uploads\/2021\/01\/freelance-features-800x2579.jpg","crop_thumbnail":"https:\/\/api.startertemplatecloud.com\/wp-content\/uploads\/2021\/01\/freelance-features-800x1008.jpg","content":"https:\/\/api.startertemplatecloud.com\/wp-content\/uploads\/2021\/01\/freelance-blks-features.xml","meta":"inherit"},"testimonials":{"id":"testimonials","title":"Testimonials","url":"https:\/\/startertemplatecloud.com\/e07\/testimonials\/","image":"https:\/\/api.startertemplatecloud.com\/wp-content\/uploads\/2021\/01\/freelance-testimonials.jpg","thumbnail":"https:\/\/api.startertemplatecloud.com\/wp-content\/uploads\/2021\/01\/freelance-testimonials-800x2045.jpg","crop_thumbnail":"https:\/\/api.startertemplatecloud.com\/wp-content\/uploads\/2021\/01\/freelance-testimonials-800x1008.jpg","content":"https:\/\/api.startertemplatecloud.com\/wp-content\/uploads\/2021\/01\/freelance-testimonials-content.xml","meta":"inherit"},"about":{"id":"about","title":"About","url":"https:\/\/startertemplatecloud.com\/e07\/about\/","image":"https:\/\/api.startertemplatecloud.com\/wp-content\/uploads\/2021\/01\/freelance-about.jpg","thumbnail":"https:\/\/api.startertemplatecloud.com\/wp-content\/uploads\/2021\/01\/freelance-about-800x3040.jpg","crop_thumbnail":"https:\/\/api.startertemplatecloud.com\/wp-content\/uploads\/2021\/01\/freelance-about-800x1008.jpg","content":"https:\/\/api.startertemplatecloud.com\/wp-content\/uploads\/2021\/01\/freelance-blks-about.xml","meta":"inherit"}},"menus":{"primary":{"menu":"primary","title":"Freelance"}}},"g05":{"slug":"g05","name":"Web Agency","categories":["business"],"pro":false,"member":false,"content":"https:\/\/api.startertemplatecloud.com\/wp-content\/uploads\/2021\/01\/webagency-blks-content.xml","widget_data":"https:\/\/api.startertemplatecloud.com\/wp-content\/uploads\/2021\/01\/webagency-blocks-widgets.json","form_data":false,"theme_options":"https:\/\/api.startertemplatecloud.com\/wp-content\/uploads\/2021\/01\/webagency-blocks-theme-options.json","url":"https:\/\/startertemplatecloud.com\/g05\/","image":"https:\/\/api.startertemplatecloud.com\/wp-content\/uploads\/2021\/01\/e05_preview-image.jpg","content_width":"normal","type":"blocks","ecommerce":false,"homepage":"Home","blogpage":"Blog","plugins":["kadence-blocks"],"keywords":["agency\r\nweb\r\nbusiness"],"pages":{"home":{"id":"home","title":"Home","url":"https:\/\/startertemplatecloud.com\/g05\/","image":"https:\/\/api.startertemplatecloud.com\/wp-content\/uploads\/2021\/01\/g05-home.jpg","thumbnail":"https:\/\/api.startertemplatecloud.com\/wp-content\/uploads\/2021\/01\/g05-home-800x4059.jpg","crop_thumbnail":"https:\/\/api.startertemplatecloud.com\/wp-content\/uploads\/2021\/01\/g05-home-800x1008.jpg","content":"https:\/\/api.startertemplatecloud.com\/wp-content\/uploads\/2021\/01\/webagency-blks-home.xml","meta":"inherit"},"about":{"id":"about","title":"About","url":"https:\/\/startertemplatecloud.com\/g05\/about\/","image":"https:\/\/api.startertemplatecloud.com\/wp-content\/uploads\/2021\/01\/g05-about.jpg","thumbnail":"https:\/\/api.startertemplatecloud.com\/wp-content\/uploads\/2021\/01\/g05-about-800x3650.jpg","crop_thumbnail":"https:\/\/api.startertemplatecloud.com\/wp-content\/uploads\/2021\/01\/g05-about-800x1008.jpg","content":"https:\/\/api.startertemplatecloud.com\/wp-content\/uploads\/2021\/01\/webagency-blks-about.xml","meta":"inherit"},"portfolio":{"id":"portfolio","title":"Portfolio","url":"https:\/\/startertemplatecloud.com\/g05\/portfolio\/","image":"https:\/\/api.startertemplatecloud.com\/wp-content\/uploads\/2021\/01\/g05-portfolio.jpg","thumbnail":"https:\/\/api.startertemplatecloud.com\/wp-content\/uploads\/2021\/01\/g05-portfolio-800x2373.jpg","crop_thumbnail":"https:\/\/api.startertemplatecloud.com\/wp-content\/uploads\/2021\/01\/g05-portfolio-800x1008.jpg","content":"https:\/\/api.startertemplatecloud.com\/wp-content\/uploads\/2021\/01\/webagency-blks-portfolio.xml","meta":"inherit"},"single-portfolio":{"id":"single-portfolio","title":"Single Portfolio","url":"https:\/\/startertemplatecloud.com\/g05\/portfolio-single-page\/","image":"https:\/\/api.startertemplatecloud.com\/wp-content\/uploads\/2021\/01\/g05-single-portfolio.jpg","thumbnail":"https:\/\/api.startertemplatecloud.com\/wp-content\/uploads\/2021\/01\/g05-single-portfolio-800x2323.jpg","crop_thumbnail":"https:\/\/api.startertemplatecloud.com\/wp-content\/uploads\/2021\/01\/g05-single-portfolio-800x1008.jpg","content":"https:\/\/api.startertemplatecloud.com\/wp-content\/uploads\/2021\/01\/webagency-blks-single-portfolio.xml","meta":"inherit"},"services":{"id":"services","title":"Services","url":"https:\/\/startertemplatecloud.com\/g05\/services\/","image":"https:\/\/api.startertemplatecloud.com\/wp-content\/uploads\/2021\/01\/g05-services.jpg","thumbnail":"https:\/\/api.startertemplatecloud.com\/wp-content\/uploads\/2021\/01\/g05-services-800x2540.jpg","crop_thumbnail":"https:\/\/api.startertemplatecloud.com\/wp-content\/uploads\/2021\/01\/g05-services-800x1008.jpg","content":"https:\/\/api.startertemplatecloud.com\/wp-content\/uploads\/2021\/01\/webagency-blks-services.xml","meta":"inherit"},"contact":{"id":"contact","title":"Contact","url":"https:\/\/startertemplatecloud.com\/g05\/contact\/","image":"https:\/\/api.startertemplatecloud.com\/wp-content\/uploads\/2021\/01\/g05-contact.jpg","thumbnail":"https:\/\/api.startertemplatecloud.com\/wp-content\/uploads\/2021\/01\/g05-contact-800x1461.jpg","crop_thumbnail":"https:\/\/api.startertemplatecloud.com\/wp-content\/uploads\/2021\/01\/g05-contact-800x1008.jpg","content":"https:\/\/api.startertemplatecloud.com\/wp-content\/uploads\/2021\/01\/webagency-blks-contact.xml","meta":"inherit"}},"menus":{"primary":{"menu":"primary","title":"WebAgency"},"mobile":{"menu":"mobile","title":"WebAgency"}}},"g01":{"slug":"g01","name":"Real Estate","categories":["business"],"pro":false,"member":false,"content":"https:\/\/api.startertemplatecloud.com\/wp-content\/uploads\/2021\/01\/alen_all_content.xml","widget_data":"https:\/\/api.startertemplatecloud.com\/wp-content\/uploads\/2021\/01\/g01_widget_data.json","form_data":false,"theme_options":"https:\/\/api.startertemplatecloud.com\/wp-content\/uploads\/2021\/01\/g01_theme_options.json","url":"https:\/\/startertemplatecloud.com\/g01\/","image":"https:\/\/api.startertemplatecloud.com\/wp-content\/uploads\/2021\/01\/g01_preview-image.jpg","content_width":"normal","type":"blocks","ecommerce":false,"homepage":"Home","blogpage":"Blog","plugins":["kadence-blocks"],"keywords":["real\r\nestate\r\nhouse\r\nbusiness"],"pages":{"home":{"id":"home","title":"Home","url":"https:\/\/startertemplatecloud.com\/g01\/","image":"https:\/\/api.startertemplatecloud.com\/wp-content\/uploads\/2021\/01\/g01_home.jpg","thumbnail":"https:\/\/api.startertemplatecloud.com\/wp-content\/uploads\/2021\/01\/g01_home.jpg","crop_thumbnail":"https:\/\/api.startertemplatecloud.com\/wp-content\/uploads\/2021\/01\/g01_home-800x1008.jpg","content":"https:\/\/api.startertemplatecloud.com\/wp-content\/uploads\/2021\/01\/g01_home_content.xml","meta":"inherit"},"services":{"id":"services","title":"Services","url":"https:\/\/startertemplatecloud.com\/g01\/services\/","image":"https:\/\/api.startertemplatecloud.com\/wp-content\/uploads\/2021\/01\/g01_services.jpg","thumbnail":"https:\/\/api.startertemplatecloud.com\/wp-content\/uploads\/2021\/01\/g01_services-800x2747.jpg","crop_thumbnail":"https:\/\/api.startertemplatecloud.com\/wp-content\/uploads\/2021\/01\/g01_services-800x1008.jpg","content":"https:\/\/api.startertemplatecloud.com\/wp-content\/uploads\/2021\/01\/alendunkan-services.xml","meta":"inherit"},"about":{"id":"about","title":"About","url":"https:\/\/startertemplatecloud.com\/g01\/about\/","image":"https:\/\/api.startertemplatecloud.com\/wp-content\/uploads\/2021\/01\/g01_about.jpg","thumbnail":"https:\/\/api.startertemplatecloud.com\/wp-content\/uploads\/2021\/01\/g01_about-800x2574.jpg","crop_thumbnail":"https:\/\/api.startertemplatecloud.com\/wp-content\/uploads\/2021\/01\/g01_about-800x1008.jpg","content":"https:\/\/api.startertemplatecloud.com\/wp-content\/uploads\/2021\/01\/g01_about_content.xml","meta":"inherit"},"contact":{"id":"contact","title":"Contact","url":"https:\/\/startertemplatecloud.com\/g01\/contact\/","image":"https:\/\/api.startertemplatecloud.com\/wp-content\/uploads\/2021\/01\/g01_contact.jpg","thumbnail":"https:\/\/api.startertemplatecloud.com\/wp-content\/uploads\/2021\/01\/g01_contact-800x1238.jpg","crop_thumbnail":"https:\/\/api.startertemplatecloud.com\/wp-content\/uploads\/2021\/01\/g01_contact-800x1008.jpg","content":"https:\/\/api.startertemplatecloud.com\/wp-content\/uploads\/2021\/01\/g01_contact_content.xml","meta":"inherit"},"brokerage":{"id":"brokerage","title":"Brokerage","url":"https:\/\/startertemplatecloud.com\/g01\/brokerage\/","image":"https:\/\/api.startertemplatecloud.com\/wp-content\/uploads\/2021\/01\/g01_brokerage.jpg","thumbnail":"https:\/\/api.startertemplatecloud.com\/wp-content\/uploads\/2021\/01\/g01_brokerage-800x1875.jpg","crop_thumbnail":"https:\/\/api.startertemplatecloud.com\/wp-content\/uploads\/2021\/01\/g01_brokerage-800x1008.jpg","content":"https:\/\/api.startertemplatecloud.com\/wp-content\/uploads\/2021\/01\/g01_brokerage_content.xml","meta":"inherit"},"norman":{"id":"norman","title":"418 Norman Street","url":"https:\/\/startertemplatecloud.com\/g01\/418-norman-street\/'","image":"https:\/\/api.startertemplatecloud.com\/wp-content\/uploads\/2021\/01\/g01_norman.jpg","thumbnail":"https:\/\/api.startertemplatecloud.com\/wp-content\/uploads\/2021\/01\/g01_norman-800x2007.jpg","crop_thumbnail":"https:\/\/api.startertemplatecloud.com\/wp-content\/uploads\/2021\/01\/g01_norman-800x1008.jpg","content":"https:\/\/api.startertemplatecloud.com\/wp-content\/uploads\/2021\/01\/g01_norman_content.xml","meta":"inherit"}},"menus":{"primary":{"menu":"primary","title":"Main Real Estate"},"footer":{"menu":"footer","title":"Main Real Estate"}}},"g02":{"slug":"g02","name":"Print Shop","categories":["business","ecommerce"],"pro":false,"member":false,"content":"https:\/\/api.startertemplatecloud.com\/wp-content\/uploads\/2021\/01\/g02_demo_content.xml","widget_data":"https:\/\/api.startertemplatecloud.com\/wp-content\/uploads\/2021\/01\/g02_widget_data.json","form_data":false,"theme_options":"https:\/\/api.startertemplatecloud.com\/wp-content\/uploads\/2021\/01\/g02_theme_options.json","url":"https:\/\/startertemplatecloud.com\/g02\/","image":"https:\/\/api.startertemplatecloud.com\/wp-content\/uploads\/2021\/01\/g02_preview-image.jpg","content_width":"normal","type":"blocks","ecommerce":true,"homepage":"Home","blogpage":"","plugins":["kadence-blocks","woocommerce"],"keywords":["store\r\necommerce\r\nwoocommerce"],"pages":{"home":{"id":"home","title":"Home","url":"https:\/\/startertemplatecloud.com\/g02\/","image":"https:\/\/api.startertemplatecloud.com\/wp-content\/uploads\/2021\/01\/g02_home.jpg","thumbnail":"https:\/\/api.startertemplatecloud.com\/wp-content\/uploads\/2021\/01\/g02_home-800x3182.jpg","crop_thumbnail":"https:\/\/api.startertemplatecloud.com\/wp-content\/uploads\/2021\/01\/g02_home-800x1008.jpg","content":"https:\/\/api.startertemplatecloud.com\/wp-content\/uploads\/2021\/01\/g02_home_content.xml","meta":"inherit"},"about":{"id":"about","title":"About","url":"https:\/\/startertemplatecloud.com\/g02\/about\/","image":"https:\/\/api.startertemplatecloud.com\/wp-content\/uploads\/2021\/01\/g02_about.jpg","thumbnail":"https:\/\/api.startertemplatecloud.com\/wp-content\/uploads\/2021\/01\/g02_about-800x1939.jpg","crop_thumbnail":"https:\/\/api.startertemplatecloud.com\/wp-content\/uploads\/2021\/01\/g02_about-800x1008.jpg","content":"https:\/\/api.startertemplatecloud.com\/wp-content\/uploads\/2021\/01\/g02_about_content.xml","meta":"inherit"},"contact":{"id":"contact","title":"Contact","url":"https:\/\/startertemplatecloud.com\/g02\/contact\/","image":"https:\/\/api.startertemplatecloud.com\/wp-content\/uploads\/2021\/01\/g02_contact.jpg","thumbnail":"https:\/\/api.startertemplatecloud.com\/wp-content\/uploads\/2021\/01\/g02_contact-800x1286.jpg","crop_thumbnail":"https:\/\/api.startertemplatecloud.com\/wp-content\/uploads\/2021\/01\/g02_contact-800x1008.jpg","content":"https:\/\/api.startertemplatecloud.com\/wp-content\/uploads\/2021\/01\/g02_contact_content.xml","meta":"inherit"}},"menus":{"primary":{"menu":"primary","title":"Store Menu"}}},"g03":{"slug":"g03","name":"Course","categories":["business","course"],"pro":false,"member":false,"content":"https:\/\/api.startertemplatecloud.com\/wp-content\/uploads\/2021\/01\/g03_demo_content.xml","widget_data":"https:\/\/api.startertemplatecloud.com\/wp-content\/uploads\/2021\/01\/g03_widget_data.json","form_data":false,"theme_options":"https:\/\/api.startertemplatecloud.com\/wp-content\/uploads\/2021\/01\/g03_theme_options.json","url":"https:\/\/startertemplatecloud.com\/g03\/","image":"https:\/\/api.startertemplatecloud.com\/wp-content\/uploads\/2021\/01\/g03_preview-image.jpg","content_width":"normal","type":"blocks","ecommerce":false,"homepage":"Home","blogpage":"Blog","plugins":["kadence-blocks"],"keywords":["lms\r\ncourse\r\nbusiness"],"pages":{"home":{"id":"home","title":"Home","url":"https:\/\/startertemplatecloud.com\/g03\/","image":"https:\/\/api.startertemplatecloud.com\/wp-content\/uploads\/2021\/01\/g03_home.jpg","thumbnail":"https:\/\/api.startertemplatecloud.com\/wp-content\/uploads\/2021\/01\/g03_home-800x3090.jpg","crop_thumbnail":"https:\/\/api.startertemplatecloud.com\/wp-content\/uploads\/2021\/01\/g03_home-800x1008.jpg","content":"https:\/\/api.startertemplatecloud.com\/wp-content\/uploads\/2021\/01\/g03_home_content.xml","meta":"inherit"},"about":{"id":"about","title":"About","url":"https:\/\/startertemplatecloud.com\/g03\/about\/","image":"https:\/\/api.startertemplatecloud.com\/wp-content\/uploads\/2021\/01\/g03_about.jpg","thumbnail":"https:\/\/api.startertemplatecloud.com\/wp-content\/uploads\/2021\/01\/g03_about-800x1429.jpg","crop_thumbnail":"https:\/\/api.startertemplatecloud.com\/wp-content\/uploads\/2021\/01\/g03_about-800x1008.jpg","content":"https:\/\/api.startertemplatecloud.com\/wp-content\/uploads\/2021\/01\/g03_about_content.xml","meta":"inherit"},"courses":{"id":"courses","title":"Courses","url":"https:\/\/startertemplatecloud.com\/g03\/courses\/","image":"https:\/\/api.startertemplatecloud.com\/wp-content\/uploads\/2021\/01\/g03_courses.jpg","thumbnail":"https:\/\/api.startertemplatecloud.com\/wp-content\/uploads\/2021\/01\/g03_courses-800x1052.jpg","crop_thumbnail":"https:\/\/api.startertemplatecloud.com\/wp-content\/uploads\/2021\/01\/g03_courses-800x1008.jpg","content":"https:\/\/api.startertemplatecloud.com\/wp-content\/uploads\/2021\/01\/g03_courses_content.xml","meta":"inherit"},"course":{"id":"course","title":"Course","url":"https:\/\/startertemplatecloud.com\/g03\/course\/","image":"https:\/\/api.startertemplatecloud.com\/wp-content\/uploads\/2021\/01\/g03_course.jpg","thumbnail":"https:\/\/api.startertemplatecloud.com\/wp-content\/uploads\/2021\/01\/g03_course-800x2456.jpg","crop_thumbnail":"https:\/\/api.startertemplatecloud.com\/wp-content\/uploads\/2021\/01\/g03_course-800x1008.jpg","content":"https:\/\/api.startertemplatecloud.com\/wp-content\/uploads\/2021\/01\/g03_course_content.xml","meta":"inherit"},"contact":{"id":"contact","title":"Contact","url":"https:\/\/startertemplatecloud.com\/g03\/contact\/","image":"https:\/\/api.startertemplatecloud.com\/wp-content\/uploads\/2021\/01\/g03_contact.jpg","thumbnail":"https:\/\/api.startertemplatecloud.com\/wp-content\/uploads\/2021\/01\/g03_contact-800x814.jpg","crop_thumbnail":"https:\/\/api.startertemplatecloud.com\/wp-content\/uploads\/2021\/01\/g03_contact-800x1008.jpg","content":"https:\/\/api.startertemplatecloud.com\/wp-content\/uploads\/2021\/01\/g03_contact_content.xml","meta":"inherit"}},"menus":{"primary":{"menu":"primary","title":"Course Menu"},"mobile":{"menu":"mobile","title":"Course Menu"}}},"og01":{"slug":"og01","name":"Agency","categories":["business"],"pro":false,"member":false,"content":"https:\/\/api.startertemplatecloud.com\/wp-content\/uploads\/2021\/01\/agency_content-1.xml","widget_data":false,"form_data":false,"theme_options":"https:\/\/api.startertemplatecloud.com\/wp-content\/uploads\/2021\/01\/agency_customizer-1.json","url":"https:\/\/demos.kadencewp.com\/agency-free\/","image":"https:\/\/api.startertemplatecloud.com\/wp-content\/uploads\/2021\/01\/og01_preview-image.jpg","content_width":"normal","type":"blocks","ecommerce":false,"homepage":"Home","blogpage":"Blog","plugins":["kadence-blocks"],"keywords":["portfolio\r\nservices\r\nbusiness\r\n"],"pages":{"home":{"id":"home","title":"Home","url":"https:\/\/demos.kadencewp.com\/agency-free\/","image":"https:\/\/api.startertemplatecloud.com\/wp-content\/uploads\/2021\/01\/og01_home.jpg","thumbnail":"https:\/\/api.startertemplatecloud.com\/wp-content\/uploads\/2021\/01\/og01_home-800x2178.jpg","crop_thumbnail":"https:\/\/api.startertemplatecloud.com\/wp-content\/uploads\/2021\/01\/og01_home-800x1008.jpg","content":"https:\/\/api.startertemplatecloud.com\/wp-content\/uploads\/2021\/01\/agency_home_content-1.xml","meta":"clear"},"services":{"id":"services","title":"Services","url":"https:\/\/demos.kadencewp.com\/agency-free\/services\/","image":"https:\/\/api.startertemplatecloud.com\/wp-content\/uploads\/2021\/01\/og01_services.jpg","thumbnail":"https:\/\/api.startertemplatecloud.com\/wp-content\/uploads\/2021\/01\/og01_services-800x1786.jpg","crop_thumbnail":"https:\/\/api.startertemplatecloud.com\/wp-content\/uploads\/2021\/01\/og01_services-800x1008.jpg","content":"https:\/\/api.startertemplatecloud.com\/wp-content\/uploads\/2021\/01\/agency_services_content-1.xml","meta":"clear"},"about":{"id":"about","title":"About","url":"https:\/\/demos.kadencewp.com\/agency-free\/about\/","image":"https:\/\/api.startertemplatecloud.com\/wp-content\/uploads\/2021\/01\/og01_about.jpg","thumbnail":"https:\/\/api.startertemplatecloud.com\/wp-content\/uploads\/2021\/01\/og01_about-800x1660.jpg","crop_thumbnail":"https:\/\/api.startertemplatecloud.com\/wp-content\/uploads\/2021\/01\/og01_about-800x1008.jpg","content":"https:\/\/api.startertemplatecloud.com\/wp-content\/uploads\/2021\/01\/agency_about_content-1.xml","meta":"clear"},"contact":{"id":"contact","title":"Contact","url":"https:\/\/demos.kadencewp.com\/agency-free\/contact\/","image":"https:\/\/api.startertemplatecloud.com\/wp-content\/uploads\/2021\/01\/og01_contact.jpg","thumbnail":"https:\/\/api.startertemplatecloud.com\/wp-content\/uploads\/2021\/01\/og01_contact-800x1410.jpg","crop_thumbnail":"https:\/\/api.startertemplatecloud.com\/wp-content\/uploads\/2021\/01\/og01_contact-800x1008.jpg","content":"https:\/\/api.startertemplatecloud.com\/wp-content\/uploads\/2021\/01\/agency_contact_content-1.xml","meta":"clear"}},"menus":{"primary":{"menu":"primary","title":"Agency Menu"},"mobile":{"menu":"mobile","title":"Agency Menu"}}},"og03":{"slug":"og03","name":"Saas","categories":["business"],"pro":false,"member":false,"content":"https:\/\/api.startertemplatecloud.com\/wp-content\/uploads\/2021\/01\/og03_demo_content.xml","widget_data":false,"form_data":false,"theme_options":"https:\/\/api.startertemplatecloud.com\/wp-content\/uploads\/2021\/01\/og03_theme_options.json","url":"https:\/\/demos.kadencewp.com\/blocks-saas\/","image":"https:\/\/api.startertemplatecloud.com\/wp-content\/uploads\/2021\/01\/og03_preview-image.jpg","content_width":"normal","type":"blocks","ecommerce":false,"homepage":"Home","blogpage":"","plugins":["kadence-blocks"],"keywords":["saas\r\npricing\r\nbusiness"],"pages":{"home":{"id":"home","title":"Home","url":"https:\/\/demos.kadencewp.com\/blocks-saas\/","image":"https:\/\/api.startertemplatecloud.com\/wp-content\/uploads\/2021\/01\/og03_home.jpg","thumbnail":"https:\/\/api.startertemplatecloud.com\/wp-content\/uploads\/2021\/01\/og03_home-800x2624.jpg","crop_thumbnail":"https:\/\/api.startertemplatecloud.com\/wp-content\/uploads\/2021\/01\/og03_home-800x1008.jpg","content":"https:\/\/api.startertemplatecloud.com\/wp-content\/uploads\/2021\/01\/og03_home_content.xml","meta":"clear"},"features":{"id":"features","title":"Features","url":"https:\/\/demos.kadencewp.com\/blocks-saas\/features\/","image":"https:\/\/api.startertemplatecloud.com\/wp-content\/uploads\/2021\/01\/og03_features.jpg","thumbnail":"https:\/\/api.startertemplatecloud.com\/wp-content\/uploads\/2021\/01\/og03_features-800x1471.jpg","crop_thumbnail":"https:\/\/api.startertemplatecloud.com\/wp-content\/uploads\/2021\/01\/og03_features-800x1008.jpg","content":"https:\/\/api.startertemplatecloud.com\/wp-content\/uploads\/2021\/01\/og03_features_content.xml","meta":"clear"},"pricing":{"id":"pricing","title":"Pricing","url":"https:\/\/demos.kadencewp.com\/blocks-saas\/pricing\/","image":"https:\/\/api.startertemplatecloud.com\/wp-content\/uploads\/2021\/01\/og03_pricing.jpg","thumbnail":"https:\/\/api.startertemplatecloud.com\/wp-content\/uploads\/2021\/01\/og03_pricing-800x1213.jpg","crop_thumbnail":"https:\/\/api.startertemplatecloud.com\/wp-content\/uploads\/2021\/01\/og03_pricing-800x1008.jpg","content":"https:\/\/api.startertemplatecloud.com\/wp-content\/uploads\/2021\/01\/og03_pricing_content.xml","meta":"clear"},"about":{"id":"about","title":"About","url":"https:\/\/demos.kadencewp.com\/blocks-saas\/about\/","image":"https:\/\/api.startertemplatecloud.com\/wp-content\/uploads\/2021\/01\/og03_about.jpg","thumbnail":"https:\/\/api.startertemplatecloud.com\/wp-content\/uploads\/2021\/01\/og03_about-800x1160.jpg","crop_thumbnail":"https:\/\/api.startertemplatecloud.com\/wp-content\/uploads\/2021\/01\/og03_about-800x1008.jpg","content":"https:\/\/api.startertemplatecloud.com\/wp-content\/uploads\/2021\/01\/og03_about_content.xml","meta":"clear"},"contact":{"id":"contact","title":"Contact","url":"https:\/\/demos.kadencewp.com\/blocks-saas\/contact\/","image":"https:\/\/api.startertemplatecloud.com\/wp-content\/uploads\/2021\/01\/og03_contact.jpg","thumbnail":"https:\/\/api.startertemplatecloud.com\/wp-content\/uploads\/2021\/01\/og03_contact-800x842.jpg","crop_thumbnail":"https:\/\/api.startertemplatecloud.com\/wp-content\/uploads\/2021\/01\/og03_contact-800x1008.jpg","content":"https:\/\/api.startertemplatecloud.com\/wp-content\/uploads\/2021\/01\/og03_contact_content.xml","meta":"clear"}},"menus":{"primary":{"menu":"primary","title":"Saas Menu"},"mobile":{"menu":"mobile","title":"Saas Menu"},"footer":{"menu":"footer","title":"Saas Footer"}}},"og05":{"slug":"og05","name":"Yoga Studio","categories":["business"],"pro":false,"member":false,"content":"https:\/\/api.startertemplatecloud.com\/wp-content\/uploads\/2021\/01\/yogastudio-all-content.xml","widget_data":"https:\/\/api.startertemplatecloud.com\/wp-content\/uploads\/2021\/01\/og05_widget_data.json","form_data":false,"theme_options":"https:\/\/api.startertemplatecloud.com\/wp-content\/uploads\/2021\/01\/og05_theme_options.json","url":"https:\/\/demos.kadencewp.com\/blocks-active\/","image":"https:\/\/api.startertemplatecloud.com\/wp-content\/uploads\/2021\/01\/og05_preview-image.jpg","content_width":"normal","type":"blocks","ecommerce":false,"homepage":"Home","blogpage":"","plugins":["kadence-blocks"],"keywords":["yoga\r\ngym\r\nbusiness"],"pages":{"home":{"id":"home","title":"Home","url":"https:\/\/demos.kadencewp.com\/blocks-active\/","image":"https:\/\/api.startertemplatecloud.com\/wp-content\/uploads\/2021\/01\/og05_home.jpg","thumbnail":"https:\/\/api.startertemplatecloud.com\/wp-content\/uploads\/2021\/01\/og05_home-800x2409.jpg","crop_thumbnail":"https:\/\/api.startertemplatecloud.com\/wp-content\/uploads\/2021\/01\/og05_home-800x1008.jpg","content":"https:\/\/api.startertemplatecloud.com\/wp-content\/uploads\/2021\/01\/yogastudio-home.xml","meta":"clear"},"gallery":{"id":"gallery","title":"Gallery","url":"https:\/\/demos.kadencewp.com\/blocks-active\/yoga-studio-gallery\/","image":"https:\/\/api.startertemplatecloud.com\/wp-content\/uploads\/2021\/01\/og05_gallery.jpg","thumbnail":"https:\/\/api.startertemplatecloud.com\/wp-content\/uploads\/2021\/01\/og05_gallery-800x1274.jpg","crop_thumbnail":"https:\/\/api.startertemplatecloud.com\/wp-content\/uploads\/2021\/01\/og05_gallery-800x1008.jpg","content":"https:\/\/api.startertemplatecloud.com\/wp-content\/uploads\/2021\/01\/yogastudio-gallery.xml","meta":"clear"},"pricing":{"id":"pricing","title":"Pricing","url":"https:\/\/demos.kadencewp.com\/blocks-active\/yoga-pricing\/","image":"https:\/\/api.startertemplatecloud.com\/wp-content\/uploads\/2021\/01\/og05_pricing.jpg","thumbnail":"https:\/\/api.startertemplatecloud.com\/wp-content\/uploads\/2021\/01\/og05_pricing-800x1017.jpg","crop_thumbnail":"https:\/\/api.startertemplatecloud.com\/wp-content\/uploads\/2021\/01\/og05_pricing-800x1008.jpg","content":"https:\/\/api.startertemplatecloud.com\/wp-content\/uploads\/2021\/01\/yogastudio-pricing.xml","meta":"clear"},"about":{"id":"about","title":"About","url":"https:\/\/demos.kadencewp.com\/blocks-active\/yoga-about\/","image":"https:\/\/api.startertemplatecloud.com\/wp-content\/uploads\/2021\/01\/og05_about.jpg","thumbnail":"https:\/\/api.startertemplatecloud.com\/wp-content\/uploads\/2021\/01\/og05_about-800x1630.jpg","crop_thumbnail":"https:\/\/api.startertemplatecloud.com\/wp-content\/uploads\/2021\/01\/og05_about-800x1008.jpg","content":"https:\/\/api.startertemplatecloud.com\/wp-content\/uploads\/2021\/01\/yogastudio-about.xml","meta":"clear"},"contact":{"id":"contact","title":"Contact","url":"https:\/\/demos.kadencewp.com\/blocks-active\/yoga-contact\/","image":"https:\/\/api.startertemplatecloud.com\/wp-content\/uploads\/2021\/01\/og05_contact.jpg","thumbnail":"https:\/\/api.startertemplatecloud.com\/wp-content\/uploads\/2021\/01\/og05_contact-800x960.jpg","crop_thumbnail":"https:\/\/api.startertemplatecloud.com\/wp-content\/uploads\/2021\/01\/og05_contact-800x1008.jpg","content":"https:\/\/api.startertemplatecloud.com\/wp-content\/uploads\/2021\/01\/yogastudio-contact.xml","meta":"clear"}},"menus":{"primary":{"menu":"primary","title":"Yoga Menu"},"mobile":{"menu":"mobile","title":"Yoga Menu"}}},"og06":{"slug":"og06","name":"Recipe Blog","categories":["blog"],"pro":false,"member":false,"content":"https:\/\/api.startertemplatecloud.com\/wp-content\/uploads\/2021\/01\/og06_demo_content.xml","widget_data":false,"form_data":false,"theme_options":"https:\/\/api.startertemplatecloud.com\/wp-content\/uploads\/2021\/01\/og06_theme_options.json","url":"https:\/\/demos.kadencewp.com\/food\/","image":"https:\/\/api.startertemplatecloud.com\/wp-content\/uploads\/2021\/01\/og06_preview-image.jpg","content_width":"normal","type":"blocks","ecommerce":false,"homepage":"Home","blogpage":"Recipes","plugins":["kadence-blocks","wpzoom-recipe-card"],"keywords":["blog\r\nfood\r\nrecipe"],"pages":{"home":{"id":"home","title":"Home","url":"https:\/\/demos.kadencewp.com\/food\/","image":"https:\/\/api.startertemplatecloud.com\/wp-content\/uploads\/2021\/01\/og06_home.jpg","thumbnail":"https:\/\/api.startertemplatecloud.com\/wp-content\/uploads\/2021\/01\/og06_home-800x1366.jpg","crop_thumbnail":"https:\/\/api.startertemplatecloud.com\/wp-content\/uploads\/2021\/01\/og06_home-800x1008.jpg","content":"https:\/\/api.startertemplatecloud.com\/wp-content\/uploads\/2021\/01\/og06_home_content.xml","meta":"clear"},"about":{"id":"about","title":"About","url":"https:\/\/demos.kadencewp.com\/food\/about\/","image":"https:\/\/api.startertemplatecloud.com\/wp-content\/uploads\/2021\/01\/og06_about.jpg","thumbnail":"https:\/\/api.startertemplatecloud.com\/wp-content\/uploads\/2021\/01\/og06_about-800x554.jpg","crop_thumbnail":"https:\/\/api.startertemplatecloud.com\/wp-content\/uploads\/2021\/01\/og06_about-800x1008.jpg","content":"https:\/\/api.startertemplatecloud.com\/wp-content\/uploads\/2021\/01\/og06_about_content.xml","meta":"inherit"},"contact":{"id":"contact","title":"Contact","url":"https:\/\/demos.kadencewp.com\/food\/contact\/","image":"https:\/\/api.startertemplatecloud.com\/wp-content\/uploads\/2021\/01\/og06_contact.jpg","thumbnail":"https:\/\/api.startertemplatecloud.com\/wp-content\/uploads\/2021\/01\/og06_contact-800x762.jpg","crop_thumbnail":"https:\/\/api.startertemplatecloud.com\/wp-content\/uploads\/2021\/01\/og06_contact-800x1008.jpg","content":"https:\/\/api.startertemplatecloud.com\/wp-content\/uploads\/2021\/01\/og06_contact_content.xml","meta":"inherit"}},"menus":{"primary":{"menu":"primary","title":"Food Primary"},"mobile":{"menu":"mobile","title":"Food Primary"},"footer":{"menu":"footer","title":"Food Primary"}}},"og02":{"slug":"og02","name":"Design Course","categories":["business"],"pro":false,"member":false,"content":"https:\/\/api.startertemplatecloud.com\/wp-content\/uploads\/2021\/01\/og02_demo_content.xml","widget_data":"https:\/\/api.startertemplatecloud.com\/wp-content\/uploads\/2021\/01\/og02_widget_data.json","form_data":false,"theme_options":"https:\/\/api.startertemplatecloud.com\/wp-content\/uploads\/2021\/01\/og02_theme_options.json","url":"https:\/\/demos.kadencewp.com\/course\/","image":"https:\/\/api.startertemplatecloud.com\/wp-content\/uploads\/2021\/01\/og02_preview-image.jpg","content_width":"normal","type":"blocks","ecommerce":false,"homepage":"Home","blogpage":"","plugins":["kadence-blocks","learndash"],"keywords":["learndash\r\nbusiness\r\ncourse"],"pages":{"home":{"id":"home","title":"Home","url":"https:\/\/demos.kadencewp.com\/course\/","image":"https:\/\/api.startertemplatecloud.com\/wp-content\/uploads\/2021\/01\/og02_home.jpg","thumbnail":"https:\/\/api.startertemplatecloud.com\/wp-content\/uploads\/2021\/01\/og02_home-800x3013.jpg","crop_thumbnail":"https:\/\/api.startertemplatecloud.com\/wp-content\/uploads\/2021\/01\/og02_home-800x1008.jpg","content":"https:\/\/api.startertemplatecloud.com\/wp-content\/uploads\/2021\/01\/og02_home_content.xml","meta":"inherit"},"about":{"id":"about","title":"About","url":"https:\/\/demos.kadencewp.com\/course\/about\/","image":"https:\/\/api.startertemplatecloud.com\/wp-content\/uploads\/2021\/01\/og02_about.jpg","thumbnail":"https:\/\/api.startertemplatecloud.com\/wp-content\/uploads\/2021\/01\/og02_about-800x1069.jpg","crop_thumbnail":"https:\/\/api.startertemplatecloud.com\/wp-content\/uploads\/2021\/01\/og02_about-800x1008.jpg","content":"https:\/\/api.startertemplatecloud.com\/wp-content\/uploads\/2021\/01\/og02_about_content.xml","meta":"inherit"},"contact":{"id":"contact","title":"Contact","url":"https:\/\/demos.kadencewp.com\/course\/contact\/","image":"https:\/\/api.startertemplatecloud.com\/wp-content\/uploads\/2021\/01\/og02_contact.jpg","thumbnail":"https:\/\/api.startertemplatecloud.com\/wp-content\/uploads\/2021\/01\/og02_contact-800x793.jpg","crop_thumbnail":"https:\/\/api.startertemplatecloud.com\/wp-content\/uploads\/2021\/01\/og02_contact-800x1008.jpg","content":"https:\/\/api.startertemplatecloud.com\/wp-content\/uploads\/2021\/01\/og02_contact_content.xml","meta":"inherit"}},"menus":{"primary":{"menu":"primary","title":"Primary Menu"},"mobile":{"menu":"mobile","title":"Primary Menu"}}},"og04":{"slug":"og04","name":"Shopping","categories":["ecommerce"],"pro":false,"member":false,"content":"https:\/\/api.startertemplatecloud.com\/wp-content\/uploads\/2021\/01\/og04_demo_content.xml","widget_data":"https:\/\/api.startertemplatecloud.com\/wp-content\/uploads\/2021\/01\/og04_widget_data.json","form_data":false,"theme_options":"https:\/\/api.startertemplatecloud.com\/wp-content\/uploads\/2021\/01\/og04_theme_options.json","url":"https:\/\/demos.kadencewp.com\/blocks-store\/","image":"https:\/\/api.startertemplatecloud.com\/wp-content\/uploads\/2021\/01\/og04_preview-image.jpg","content_width":"normal","type":"blocks","ecommerce":true,"homepage":"Home","blogpage":"Shop News","plugins":["kadence-blocks","woocommerce"],"keywords":["shopping\r\nbusiness\r\necommerce"],"pages":{"home":{"id":"home","title":"Home","url":"https:\/\/demos.kadencewp.com\/blocks-store\/","image":"https:\/\/api.startertemplatecloud.com\/wp-content\/uploads\/2021\/01\/og04_home.jpg","thumbnail":"https:\/\/api.startertemplatecloud.com\/wp-content\/uploads\/2021\/01\/og04_home-800x1841.jpg","crop_thumbnail":"https:\/\/api.startertemplatecloud.com\/wp-content\/uploads\/2021\/01\/og04_home-800x1008.jpg","content":"https:\/\/api.startertemplatecloud.com\/wp-content\/uploads\/2021\/01\/og04_home_content.xml","meta":"clear"},"about":{"id":"about","title":"About","url":"https:\/\/demos.kadencewp.com\/blocks-store\/about\/","image":"https:\/\/api.startertemplatecloud.com\/wp-content\/uploads\/2021\/01\/og04_about.jpg","thumbnail":"https:\/\/api.startertemplatecloud.com\/wp-content\/uploads\/2021\/01\/og04_about-800x1470.jpg","crop_thumbnail":"https:\/\/api.startertemplatecloud.com\/wp-content\/uploads\/2021\/01\/og04_about-800x1008.jpg","content":"https:\/\/api.startertemplatecloud.com\/wp-content\/uploads\/2021\/01\/og04_about_content.xml","meta":"clear"},"contact":{"id":"contact","title":"Contact","url":"https:\/\/demos.kadencewp.com\/blocks-store\/contact\/","image":"https:\/\/api.startertemplatecloud.com\/wp-content\/uploads\/2021\/01\/og04_contact.jpg","thumbnail":"https:\/\/api.startertemplatecloud.com\/wp-content\/uploads\/2021\/01\/og04_contact-800x866.jpg","crop_thumbnail":"https:\/\/api.startertemplatecloud.com\/wp-content\/uploads\/2021\/01\/og04_contact-800x1008.jpg","content":"https:\/\/api.startertemplatecloud.com\/wp-content\/uploads\/2021\/01\/og04_contact_content.xml","meta":"clear"}},"menus":{"primary":{"menu":"primary","title":"Shop Menu"},"mobile":{"menu":"mobile","title":"Shop Menu"}}}}